{
  "train_loss": [
    0.6947442611963186,
    0.693545604684211,
    0.6975276203294213,
    0.6932748711750312,
    0.6935577955694986,
    0.6936855112514941
  ],
  "train_acc": [
    49.798092116813955,
    49.733715690290865,
    49.32989992391877,
    51.103177854509276,
    50.00877860361678,
    49.41183355767543
  ],
  "val_acc": [
    50.0,
    50.0,
    50.0,
    50.0,
    50.0,
    50.0
  ],
  "epoch_time": [
    304.1307759284973,
    243.29989361763,
    368.35280323028564,
    341.7674968242645,
    329.83052492141724,
    322.3538303375244
  ]
}